{"cameraMode":{"drawMode":0,"name":"Shaded","section":"Shading Mode"},"sceneLighting":true,"audioPlay":false,"sceneViewState":{"showFog":false,"showMaterialUpdate":false,"showSkybox":false,"showFlares":false,"showImageEffects":false,"showParticleSystems":false},"in2DMode":false,"pivot":{"x":0.8880099058151245,"y":-13.177740097045899,"z":68.56697845458985},"rotation":{"x":-0.12060372531414032,"y":-0.005353985354304314,"z":0.0006479782168753445,"w":-0.99269700050354},"size":75.28400421142578,"orthographic":false}