{"cameraMode":{"drawMode":0,"name":"Shaded","section":"Shading Mode"},"sceneLighting":true,"audioPlay":false,"sceneViewState":{"showFog":true,"showMaterialUpdate":false,"showSkybox":true,"showFlares":true,"showImageEffects":true,"showParticleSystems":true},"in2DMode":false,"pivot":{"x":2.1756911277770998,"y":2.153021812438965,"z":3.337063789367676},"rotation":{"x":-0.002512035658583045,"y":0.9944714903831482,"z":0.02447083219885826,"w":0.10208681225776673},"size":7.132341384887695,"orthographic":false}