{"cameraMode":{"drawMode":0,"name":"Shaded","section":"Shading Mode"},"sceneLighting":true,"audioPlay":false,"sceneViewState":{"showFog":true,"showMaterialUpdate":false,"showSkybox":true,"showFlares":true,"showImageEffects":true,"showParticleSystems":true},"in2DMode":false,"pivot":{"x":34.411376953125,"y":527.1644287109375,"z":-381.8165283203125},"rotation":{"x":-0.04231562092900276,"y":0.9535565972328186,"z":-0.16055485606193543,"w":-0.25131940841674807},"size":1724.1361083984375,"orthographic":false}