{"cameraMode":{"drawMode":0,"name":"Shaded","section":"Shading Mode"},"sceneLighting":true,"audioPlay":false,"sceneViewState":{"showFog":true,"showMaterialUpdate":false,"showSkybox":true,"showFlares":true,"showImageEffects":true,"showParticleSystems":true},"in2DMode":false,"pivot":{"x":4.467020511627197,"y":-0.057700514793395999,"z":-0.897313117980957},"rotation":{"x":-0.031804267317056659,"y":-0.000902132538612932,"z":0.00002877994120353833,"w":-0.9994938969612122},"size":13.19796371459961,"orthographic":false}